Name,IconSWF,IconExportName,Target,LockedForChronos,DynamicRarityStartSeason,MetaType,RequiresCard,Type,Skill,Value,Value2,Value3,Rarity,TID,PowerNumberTID,PowerNumber2TID,PowerNumber3TID,PowerIcon1ExportName,PowerIcon2ExportName,SortOrder,DontUpgradeStat,HideDamageStat
String,String,String,String,boolean,int,int,String,String,String,int,int,int,String,String,String,String,String,String,String,int,boolean,boolean
ShotgunGirl_unlock,sc/ui.sc,,ShotgunGirl,,,0,,unlock,,,,,common,,,,,,,101,,
ShotgunGirl_hp,sc/ui.sc,health_icon,ShotgunGirl,,,1,,hp,,,,,common,TID_ARMOR,TID_ARMOR_STAT,,,genicon_health,,,,
ShotgunGirl_abi,sc/ui.sc,attack_icon,ShotgunGirl,,,2,,skill,ShotgunGirlWeapon,,,,common,TID_LONG_RANGE_SHOTGUN,TID_STAT_DAMAGE_PER_SHELL,,,genicon_damage,,,,
ShotgunGirl_ulti,sc/ui.sc,ulti_icon,ShotgunGirl,,,3,,skill,ShotgunGirlUlti,,,,common,TID_MEGA_BLASH_ULTI,TID_STAT_DAMAGE_PER_SHELL,,,genicon_damage,,,,
Gunslinger_unlock,sc/ui.sc,,Gunslinger,,,0,,unlock,,,,,common,,,,,,,103,,
Gunslinger_hp,sc/ui.sc,health_icon,Gunslinger,,,1,,hp,,,,,common,TID_ARMOR,TID_ARMOR_STAT,,,genicon_health,,,,
Gunslinger_abi,sc/ui.sc,attack_icon,Gunslinger,,,2,,skill,GunslingerWeapon,,,,common,TID_RAPID_FIRE,TID_STAT_DAMAGE_PER_SHOT,,,genicon_damage,,,,
Gunslinger_ulti,sc/ui.sc,ulti_icon,Gunslinger,,,3,,skill,GunslingerUlti,,,,common,TID_RAPID_FIRE_ULTI,TID_STAT_DAMAGE_PER_SHOT,,,genicon_damage,,,,
BullDude_unlock,sc/ui.sc,,BullDude,,,0,,unlock,,,,,common,,,,,,,104,,
BullDude_hp,sc/ui.sc,health_icon,BullDude,,,1,,hp,,,,,common,TID_ARMOR,TID_ARMOR_STAT,,,genicon_health,,,,
BullDude_abi,sc/ui.sc,attack_icon,BullDude,,,2,,skill,BullDudeWeapon,,,,common,TID_SHOTGUN_BLAST,TID_STAT_DAMAGE_PER_SHELL,,,genicon_damage,,,,
BullDude_ulti,sc/ui.sc,ulti_icon,BullDude,,,3,,skill,BullDudeUlti,,,,common,TID_CHARGE,TID_STAT_DAMAGE,,,genicon_damage,,,,
RocketGirl_unlock,sc/ui.sc,,RocketGirl,,,0,,unlock,,,,,common,,,,,,,106,,
RocketGirl_hp,sc/ui.sc,health_icon,RocketGirl,,,1,,hp,,,,,common,TID_ARMOR,TID_ARMOR_STAT,,,genicon_health,,,,
RocketGirl_abi,sc/ui.sc,attack_icon,RocketGirl,,,2,,skill,RocketGirlWeapon,,,,common,TID_FIREWORKS_WEAPON,TID_STAT_DAMAGE,,,genicon_damage,,,,
RocketGirl_ulti,sc/ui.sc,ulti_icon,RocketGirl,,,3,,skill,RocketGirlUlti,,,,common,TID_FIREWORKS_ULTI,TID_STAT_MISSILE_DAMAGE,,,genicon_damage,,,,
TrickshotDude_unlock,sc/ui.sc,,TrickshotDude,,,0,,unlock,,,,,super_rare,,,,,,,301,,
TrickshotDude_hp,sc/ui.sc,health_icon,TrickshotDude,,,1,,hp,,,,,common,TID_ARMOR,TID_ARMOR_STAT,,,genicon_health,,,,
TrickshotDude_abi,sc/ui.sc,attack_icon,TrickshotDude,,,2,,skill,TrickshotDudeWeapon,,,,common,TID_TRICKSHOT_DUDE_WEAPON,TID_STAT_DAMAGE_PER_SHOT,,,genicon_damage,,,,
TrickshotDude_ulti,sc/ui.sc,ulti_icon,TrickshotDude,,,3,,skill,TrickshotDudeUlti,,,,common,TID_TRICKSHOT_DUDE_ULTI,TID_STAT_DAMAGE_PER_SHOT,,,genicon_damage,,,,
Cactus_unlock,sc/ui.sc,,Cactus,,,0,,unlock,,,,,legendary,,,,,,,601,,
Cactus_hp,sc/ui.sc,health_icon,Cactus,,,1,,hp,,,,,common,TID_ARMOR,TID_ARMOR_STAT,,,genicon_health,,,,
Cactus_abi,sc/ui.sc,attack_icon,Cactus,,,2,,skill,CactusWeapon,,,,common,TID_CACTUS_WEAPON,TID_STAT_DAMAGE_PER_SPIKE,,,genicon_damage,,,,
Cactus_ulti,sc/ui.sc,ulti_icon,Cactus,,,3,,skill,CactusUlti,,,,common,TID_CACTUS_ULTI,TID_STAT_DAMAGE_PER_SECOND,,,genicon_damage,,,,
Barkeep_unlock,sc/ui.sc,,Barkeep,,,0,,unlock,,,,,rare,,,,,,,202,,
Barkeep_hp,sc/ui.sc,health_icon,Barkeep,,,1,,hp,,,,,common,TID_ARMOR,TID_ARMOR_STAT,,,genicon_health,,,,
Barkeep_abi,sc/ui.sc,attack_icon,Barkeep,,,2,,skill,BarkeepWeapon,,,,common,TID_BARKEEP_WEAPON,TID_STAT_DAMAGE_PER_SECOND,,,genicon_damage,,,,
Barkeep_ulti,sc/ui.sc,ulti_icon,Barkeep,,,3,,skill,BarkeepUlti,,,,common,TID_BARKEEP_ULTI,TID_STAT_DAMAGE_PER_SECOND_EACH,,,genicon_damage,,,,
Mechanic_unlock,sc/ui.sc,,Mechanic,,,0,,unlock,,,,,common,,,,,,,105,,
Mechanic_hp,sc/ui.sc,health_icon,Mechanic,,,1,,hp,,,,,common,TID_ARMOR,TID_ARMOR_STAT,,,genicon_health,,,,
Mechanic_abi,sc/ui.sc,attack_icon,Mechanic,,,2,,skill,MechanicWeapon,,,,common,TID_MECHANIC_WEAPON,TID_STAT_DAMAGE,,,genicon_damage,,,,
Mechanic_ulti,sc/ui.sc,ulti_icon,Mechanic,,,3,,skill,MechanicUlti,,,,common,TID_MECHANIC_ULTI,TID_TURRET_DAMAGE,TID_TURRET_HEALTH,,genicon_damage,genicon_health,,,
Shaman_unlock,sc/ui.sc,,Shaman,,,0,,unlock,,,,,common,,,,,,,102,,
Shaman_hp,sc/ui.sc,health_icon,Shaman,,,1,,hp,,,,,common,TID_ARMOR,TID_ARMOR_STAT,,,genicon_health,,,,
Shaman_abi,sc/ui.sc,attack_icon,Shaman,,,2,,skill,ShamanWeapon,,,,common,TID_SHAMAN_WEAPON,TID_STAT_DAMAGE,,,genicon_damage,,,,
Shaman_ulti,sc/ui.sc,ulti_icon,Shaman,,,3,,skill,ShamanUlti,,,,common,TID_SHAMAN_ULTI,TID_BEAR_DAMAGE,TID_BEAR_HEALTH,,genicon_damage,genicon_health,,,
TntDude_unlock,sc/ui.sc,,TntDude,,,0,,unlock,,,,,common,,,,,,,107,,
TntDude_hp,sc/ui.sc,health_icon,TntDude,,,1,,hp,,,,,common,TID_ARMOR,TID_ARMOR_STAT,,,genicon_health,,,,
TntDude_abi,sc/ui.sc,attack_icon,TntDude,,,2,,skill,TntDudeWeapon,,,,common,TID_MORTAR,TID_STAT_PER_DYNAMITE,,,genicon_damage,,,,
TntDude_ulti,sc/ui.sc,ulti_icon,TntDude,,,3,,skill,TntDudeUlti,,,,common,TID_MORTAR_ULTI,TID_STAT_DAMAGE,,,genicon_damage,,,,
Luchador_unlock,sc/ui.sc,,Luchador,,,0,,unlock,,,,,rare,,,,,,,201,,
Luchador_hp,sc/ui.sc,health_icon,Luchador,,,1,,hp,,,,,common,TID_ARMOR,TID_ARMOR_STAT,,,genicon_health,,,,
Luchador_abi,sc/ui.sc,attack_icon,Luchador,,,2,,skill,LuchadorWeapon,,,,common,TID_LUCHADOR_WEAPON,TID_STAT_DAMAGE_PER_STRIKE,,,genicon_damage,,,,
Luchador_ulti,sc/ui.sc,ulti_icon,Luchador,,,3,,skill,LuchadorUlti,,,,common,TID_LUCHADOR_ULTI,TID_STAT_DAMAGE,,,genicon_damage,,,,
Undertaker_unlock,sc/ui.sc,,Undertaker,,,0,,unlock,,,,,mega_epic,,,,,,,501,,
Undertaker_hp,sc/ui.sc,health_icon,Undertaker,,,1,,hp,,,,,common,TID_ARMOR,TID_ARMOR_STAT,,,genicon_health,,,,
Undertaker_abi,sc/ui.sc,attack_icon,Undertaker,,,2,,skill,UndertakerWeapon,,,,common,TID_UNDERTAKER_WEAPON,TID_STAT_DAMAGE,,,genicon_damage,,,,
Undertaker_ulti,sc/ui.sc,ulti_icon,Undertaker,,,3,,skill,UndertakerUlti,,,,common,TID_UNDERTAKER_ULTI,TID_STAT_DAMAGE,,,genicon_damage,,,,
Crow_unlock,sc/ui.sc,,Crow,,,0,,unlock,,,,,legendary,,,,,,,602,,
Crow_hp,sc/ui.sc,health_icon,Crow,,,1,,hp,,,,,common,TID_ARMOR,TID_ARMOR_STAT,,,genicon_health,,,,
Crow_abi,sc/ui.sc,attack_icon,Crow,,,2,,skill,CrowWeapon,,,,common,TID_CROW_WEAPON,TID_STAT_DAMAGE_PER_DAGGER,,,genicon_damage,,,,
Crow_ulti,sc/ui.sc,ulti_icon,Crow,,,3,,skill,CrowUlti,,,,common,TID_CROW_ULTI,TID_STAT_DAMAGE_PER_DAGGER,,,genicon_damage,,,,
DeadMariachi_unlock,sc/ui.sc,,DeadMariachi,,,0,,unlock,,,,,rare,,,,,,,203,,
DeadMariachi_hp,sc/ui.sc,health_icon,DeadMariachi,,,1,,hp,,,,,common,TID_ARMOR,TID_ARMOR_STAT,,,genicon_health,,,,
DeadMariachi_abi,sc/ui.sc,attack_icon,DeadMariachi,,,2,,skill,DeadMariachiWeapon,,,,common,TID_DEAD_MARIACHI_WEAPON,TID_STAT_DAMAGE,,,genicon_damage,,,,
DeadMariachi_ulti,sc/ui.sc,ulti_icon,DeadMariachi,,,3,,skill,DeadMariachiUlti,,,,common,TID_DEAD_MARIACHI_ULTI,TID_STAT_HEAL,,,genicon_health,,,,
BowDude_unlock,sc/ui.sc,,BowDude,,,0,,unlock,,,,,common,,,,,,,108,,
BowDude_hp,sc/ui.sc,health_icon,BowDude,,,1,,hp,,,,,common,TID_ARMOR,TID_ARMOR_STAT,,,genicon_health,,,,
BowDude_abi,sc/ui.sc,attack_icon,BowDude,,,2,,skill,BowDudeWeapon,,,,common,TID_BOW_DUDE_WEAPON,TID_STAT_DAMAGE_PER_ARROW,,,genicon_damage,,,,
BowDude_ulti,sc/ui.sc,ulti_icon,BowDude,,,3,,skill,BowDudeUlti,,,,common,TID_BOW_DUDE_ULTI,TID_STAT_DAMAGE_PER_MINE,,,genicon_damage,,,,
Sniper_unlock,sc/ui.sc,,Sniper,,,0,,unlock,,,,,epic,,,,,,,401,,
Sniper_hp,sc/ui.sc,health_icon,Sniper,,,1,,hp,,,,,common,TID_ARMOR,TID_ARMOR_STAT,,,genicon_health,,,,
Sniper_abi,sc/ui.sc,attack_icon,Sniper,,,2,,skill,SniperWeapon,,,,common,TID_SNIPER_WEAPON,TID_STAT_MAX_DAMAGE,,,genicon_damage,,,,
Sniper_ulti,sc/ui.sc,ulti_icon,Sniper,,,3,,skill,SniperUlti,,,,common,TID_SNIPER_ULTI,TID_STAT_DAMAGE_PER_BOMB,,,genicon_damage,,,,
MinigunDude_unlock,sc/ui.sc,,MinigunDude,,,0,,unlock,,,,,epic,,,,,,,402,,
MinigunDude_hp,sc/ui.sc,health_icon,MinigunDude,,,1,,hp,,,,,common,TID_ARMOR,TID_ARMOR_STAT,,,genicon_health,,,,
MinigunDude_abi,sc/ui.sc,attack_icon,MinigunDude,,,2,,skill,MinigunDudeWeapon,,,,common,TID_MINIGUN_DUDE_WEAPON,TID_STAT_DAMAGE_PER_SHOT,,,genicon_damage,,,,
MinigunDude_ulti,sc/ui.sc,ulti_icon,MinigunDude,,,3,,skill,MinigunDudeUlti,,,,common,TID_MINIGUN_DUDE_ULTI,TID_STAT_HEALING_PER_SEC,TID_TURRET_HEALTH,,genicon_heal,genicon_health,,,
BlackHole_unlock,sc/ui.sc,,BlackHole,,,0,,unlock,,,,,mega_epic,,,,,,,502,,
BlackHole_hp,sc/ui.sc,health_icon,BlackHole,,,1,,hp,,,,,common,TID_ARMOR,TID_ARMOR_STAT,,,genicon_health,,,,
BlackHole_abi,sc/ui.sc,attack_icon,BlackHole,,,2,,skill,BlackHoleWeapon,,,,common,TID_BLACK_HOLE_WEAPON,TID_STAT_DAMAGE_PER_CARD,,,genicon_damage,,,,
BlackHole_ulti,sc/ui.sc,ulti_icon,BlackHole,,,3,,skill,BlackHoleUlti,,,,common,TID_BLACK_HOLE_ULTI,TID_STAT_DAMAGE,,,genicon_damage,,,,
BarrelBot_unlock,sc/ui.sc,,BarrelBot,,,0,,unlock,,,,,super_rare,,,,,,,302,,
BarrelBot_hp,sc/ui.sc,health_icon,BarrelBot,,,1,,hp,,,,,common,TID_ARMOR,TID_ARMOR_STAT,,,genicon_health,,,,
BarrelBot_abi,sc/ui.sc,attack_icon,BarrelBot,,,2,,skill,BarrelBotWeapon,,,,common,TID_BARREL_BOT_WEAPON,TID_STAT_DAMAGE_PER_SHELL,,,genicon_damage,,,,
BarrelBot_ulti,sc/ui.sc,ulti_icon,BarrelBot,,,3,,skill,BarrelBotUlti,,,,common,TID_BARREL_BOT_ULTI,TID_STAT_DAMAGE,,,genicon_damage,,,,
ShotgunGirl_unique,sc/ui.sc,,ShotgunGirl,,,4,,freeze,,60,350,,common,TID_SPEC_ABI_FREEZE,,,,genicon_health,,,,
Gunslinger_unique,sc/ui.sc,,Gunslinger,,,4,,speed,,75,,,common,TID_SPEC_ABI_SPEED,,,,genicon_health,,,,
BullDude_unique,sc/ui.sc,,BullDude,,,4,,berserker,,40,,,common,TID_SPEC_ABI_BERSERKER,,,,genicon_health,,,,
RocketGirl_unique,sc/ui.sc,,RocketGirl,,,4,,main_attack_burn,,600,,,common,TID_SPEC_BURN,,,,genicon_health,,,,
TrickshotDude_unique,sc/ui.sc,,TrickshotDude,,,4,,bounced_bullets_stronger,,100,,,common,TID_SPEC_BOUNCED_BULLETS_STRONGER,,,,genicon_health,,,,
Cactus_unique,sc/ui.sc,,Cactus,,,4,,cactus_heal,,800,,,common,TID_SPEC_ABI_CACTUS_HEAL,,,,genicon_health,,,,
Barkeep_unique,sc/ui.sc,,Barkeep,,,4,,heal_self_main_attack,,400,,,common,TID_SPEC_ABI_HEAL_SELF_MAIN_ATTACK,,,,genicon_health,,,,
Mechanic_unique,sc/ui.sc,,Mechanic,,,4,,repair_turret,,800,,,common,TID_SPEC_ABI_REPAIR_TURRET,,,,genicon_health,,,,
Shaman_unique,sc/ui.sc,,Shaman,,,4,,pet_lifesteal,,500,500,,common,TID_SPEC_ABI_PET_LIFESTEAL,,,,genicon_health,,,,
TntDude_unique,sc/ui.sc,,TntDude,,,4,,pushback_self,,972,,,common,TID_SPEC_ABI_PUSHBACK_SELF,,,,genicon_health,,,,
Luchador_unique,sc/ui.sc,,Luchador,,,4,,fire_dot_ulti,,1200,,,common,TID_SPEC_ABI_FIRE_DOT_ULTI,,,,genicon_health,,,,
Undertaker_unique,sc/ui.sc,,Undertaker,,,4,,steal_souls,,1800,,,common,TID_SPEC_ABI_STEAL_SOULS,,,,genicon_health,,,,
Crow_unique,sc/ui.sc,,Crow,,,4,,cripple,,20,,,common,TID_SPEC_CRIPPLE,,,,genicon_health,,,,
DeadMariachi_unique,sc/ui.sc,,DeadMariachi,,,4,,heal_main_attack,,700,,,common,TID_SPEC_HEAL_MAIN_ATTACK,,,,genicon_health,,,,
BowDude_unique,sc/ui.sc,,BowDude,,,4,,spot,,5,,,common,TID_SPEC_ABI_SPOT,,,,genicon_health,,,,
Sniper_unique,sc/ui.sc,,Sniper,,,4,,ambush,,800,,,common,TID_SPEC_ABI_AMBUSH,,,,genicon_health,,,,
MinigunDude_unique,sc/ui.sc,,MinigunDude,,,4,,heal_others_main_attack,,40,,,common,TID_SPEC_ABI_HEAL_OTHERS_MAIN_ATTACK,,,,genicon_health,,,,
BlackHole_unique,sc/ui.sc,,BlackHole,,,4,,black_hole_monster,,1,,,common,TID_SPEC_ABI_BLACK_HOLE_MONSTER,,,,genicon_health,,,,
BarrelBot_unique,sc/ui.sc,,BarrelBot,,,4,,barrel_defense,,18,90,,common,TID_SPEC_ABI_BARREL_DEFENSE,,,,genicon_health,,,,
ArtilleryDude_unlock,sc/ui.sc,,ArtilleryDude,,,0,,unlock,,,,,super_rare,,,,,,,303,,
ArtilleryDude_hp,sc/ui.sc,health_icon,ArtilleryDude,,,1,,hp,,,,,common,TID_ARMOR,TID_ARMOR_STAT,,,genicon_health,,,,
ArtilleryDude_abi,sc/ui.sc,attack_icon,ArtilleryDude,,,2,,skill,ArtilleryDudeWeapon,,,,common,TID_ARTILLERY_DUDE_WEAPON,TID_STAT_DAMAGE,,,genicon_damage,,,,
ArtilleryDude_ulti,sc/ui.sc,ulti_icon,ArtilleryDude,,,3,,skill,ArtilleryDudeUlti,,,,common,TID_ARTILLERY_DUDE_ULTI,TID_CANNON_DAMAGE,TID_CANNON_HEALTH,,genicon_damage,genicon_health,,,
ArtilleryDude_unique,sc/ui.sc,,ArtilleryDude,,,4,,self_destruct,,1680,,,common,TID_SPEC_ABI_SELF_DESTRUCT,,,,genicon_health,,,,
HammerDude_unlock,sc/ui.sc,,HammerDude,,,0,,unlock,,,,,epic,,,,,,,403,,
HammerDude_hp,sc/ui.sc,health_icon,HammerDude,,,1,,hp,,,,,common,TID_ARMOR,TID_ARMOR_STAT,,,genicon_health,,,,
HammerDude_abi,sc/ui.sc,attack_icon,HammerDude,,,2,,skill,HammerDudeWeapon,,,,common,TID_HAMMER_DUDE_WEAPON,TID_STAT_DAMAGE,,,genicon_damage,,,,
HammerDude_ulti,sc/ui.sc,ulti_icon,HammerDude,,,3,,skill,HammerDudeUlti,,,,common,TID_HAMMER_DUDE_ULTI,TID_STAT_DAMAGE,,,genicon_damage,genicon_health,,,
HammerDude_unique,sc/ui.sc,,HammerDude,,,4,,steal_souls2,,50,12,,common,TID_SPEC_ABI_STEAL_SOULS2,,,,genicon_health,,,,
HookDude_unlock,sc/ui.sc,,HookDude,,,0,,unlock,,,,,mega_epic,,,,,,,503,,
HookDude_hp,sc/ui.sc,health_icon,HookDude,,,1,,hp,,,,,common,TID_ARMOR,TID_ARMOR_STAT,,,genicon_health,,,,
HookDude_abi,sc/ui.sc,attack_icon,HookDude,,,2,,skill,HookWeapon,,,,common,TID_HOOK_WEAPON,TID_STAT_DAMAGE,,,genicon_damage,,,,
HookDude_ulti,sc/ui.sc,ulti_icon,HookDude,,,3,,skill,HookUlti,,,,common,TID_HOOK_ULTI,TID_HOOK_ULTI,,,genicon_damage,,,,
HookDude_unique,sc/ui.sc,,HookDude,,,4,,aoe_regenerate,,400,,,common,TID_SPEC_ABI_HOOK,,,,genicon_health,,,,
ClusterBombDude_unlock,sc/ui.sc,,ClusterBombDude,,,0,,unlock,,,,,common,,,,,,,109,,
ClusterBombDude_hp,sc/ui.sc,health_icon,ClusterBombDude,,,1,,hp,,,,,common,TID_ARMOR,TID_ARMOR_STAT,,,genicon_health,,,,
ClusterBombDude_abi,sc/ui.sc,attack_icon,ClusterBombDude,,,2,,skill,ClusterBombDudeWeapon,,,,common,TID_CLUSTER_BOMB_DUDE_WEAPON,TID_STAT_DAMAGE_PER_PROXIMITY_MINE,,,genicon_damage,,,,
ClusterBombDude_ulti,sc/ui.sc,ulti_icon,ClusterBombDude,,,3,,skill,ClusterBombDudeUlti,,,,common,TID_CLUSTER_BOMB_DUDE_ULTI,TID_STAT_DAMAGE,TID_HEAD_HEALTH,,genicon_damage,,,,
ClusterBombDude_unique,sc/ui.sc,,ClusterBombDude,,,4,,repair_self,,40,,,common,TID_SPEC_ABI_REPAIR_SELF,,,,genicon_health,,,,
Ninja_unlock,sc/ui.sc,,Ninja,,,0,,unlock,,,,,legendary,,,,,,,603,,
Ninja_hp,sc/ui.sc,health_icon,Ninja,,,1,,hp,,,,,common,TID_ARMOR,TID_ARMOR_STAT,,,genicon_health,,,,
Ninja_abi,sc/ui.sc,attack_icon,Ninja,,,2,,skill,NinjaWeapon,,,,common,TID_NINJA_WEAPON,TID_STAT_DAMAGE_PER_SHURIKEN,,,genicon_damage,,,,
Ninja_ulti,sc/ui.sc,ulti_icon,Ninja,,,3,,skill,NinjaUlti,,,,common,TID_NINJA_ULTI,TID_STAT_INVISIBLE,,,genicon_damage,,,,
Ninja_unique,sc/ui.sc,,Ninja,,,4,,speed_invisible,,200,,,common,TID_SPEC_ABI_SPEED_INVISIBLE,,,,genicon_health,,,,
Rosa_unlock,sc/ui.sc,,Rosa,,,0,,unlock,,,,,rare,,,,,,,204,,
Rosa_hp,sc/ui.sc,health_icon,Rosa,,,1,,hp,,,,,common,TID_ARMOR,TID_ARMOR_STAT,,,genicon_health,,,,
Rosa_abi,sc/ui.sc,attack_icon,Rosa,,,2,,skill,RosaWeapon,,,,common,TID_ROSA_WEAPON,TID_STAT_DAMAGE_PER_STRIKE,,,genicon_damage,,,,
Rosa_ulti,sc/ui.sc,ulti_icon,Rosa,,,3,,skill,RosaUlti,,,,common,TID_ROSA_ULTI,TID_STAT_SHIELD,,,genicon_damage,,,,
Rosa_unique,sc/ui.sc,,Rosa,,,4,,heal_forest,,200,,,common,TID_SPEC_ABI_HEAL_FOREST,,,,genicon_health,,,,
Whirlwind_unlock,sc/ui.sc,,Whirlwind,,,0,,unlock,,,,,super_rare,,,,,,,304,,
Whirlwind_hp,sc/ui.sc,health_icon,Whirlwind,,,1,,hp,,,,,common,TID_ARMOR,TID_ARMOR_STAT,,,genicon_health,,,,
Whirlwind_abi,sc/ui.sc,attack_icon,Whirlwind,,,2,,skill,WhirlwindWeapon,,,,common,TID_WHIRLWIND_WEAPON,TID_STAT_DAMAGE_EACH_WAY,,,genicon_damage,,,,
Whirlwind_ulti,sc/ui.sc,ulti_icon,Whirlwind,,,3,,skill,WhirlwindUlti,,,,common,TID_WHIRLWIND_ULTI,TID_STAT_DAMAGE_PER_SWING,,,genicon_damage,,,,
Whirlwind_unique,sc/ui.sc,,Whirlwind,,,4,,projectile_speed,,360,,,common,TID_SPEC_ABI_PROJECTILE_SPEED,,,,genicon_health,,,,
Baseball_unlock,sc/ui.sc,,Baseball,,,0,,unlock,,,,,epic,,,,,,,404,,
Baseball_hp,sc/ui.sc,health_icon,Baseball,,,1,,hp,,,,,common,TID_ARMOR,TID_ARMOR_STAT,,,genicon_health,,,,
Baseball_abi,sc/ui.sc,attack_icon,Baseball,,,2,,skill,BaseballWeapon,,,,common,TID_BASEBALL_WEAPON,TID_STAT_DAMAGE,,,genicon_damage,,,,
Baseball_ulti,sc/ui.sc,ulti_icon,Baseball,,,3,,skill,BaseballUlti,,,,common,TID_BASEBALL_ULTI,TID_STAT_DAMAGE_EACH_WAY,,,genicon_damage,,,,
Baseball_unique,sc/ui.sc,,Baseball,,,4,,speed_full_ammo,,100,,,common,TID_SPEC_ABI_SPED_FULL_AMMO,,,,genicon_health,,,,
ShotgunGirl_unique_2,sc/ui.sc,,ShotgunGirl,,,4,,medikit,,40,1800,20000,common,TID_SPEC_ABI_MEDIKIT,,,,genicon_health,,,,
Shaman_unique_2,sc/ui.sc,,Shaman,,,4,,pet_attack_speed,,60,,,common,TID_SPEC_ABI_PET_ATTACK_SPEED,,,,genicon_health,,,,
BullDude_unique_2,sc/ui.sc,,BullDude,,,4,,low_health_shield,,40,30,,common,TID_SPEC_ABI_LOW_HEALTH_SHIELD,,,,genicon_health,,,,
Gunslinger_unique_2,sc/ui.sc,,Gunslinger,,,4,,attack_range,,3,,,common,TID_SPEC_ABI_ATTACK_RANGE,,,,genicon_health,,,,
MinigunDude_unique_2,sc/ui.sc,,MinigunDude,,,4,,aoe_dot,,500,,,common,TID_SPEC_ABI_TURRET_AOE,,,,genicon_health,,,,
Luchador_unique_2,sc/ui.sc,,Luchador,,,4,,speed_after_ulti,,200,80,,common,TID_SPEC_ABI_SPEED_AFTER_ULTI,,,,genicon_health,,,,
Ninja_unique_2,sc/ui.sc,,Ninja,,,4,,heal_invisible,,1000,,,common,TID_SPEC_ABI_HOT_INVISIBLE,,,,genicon_health,,,,
ArtilleryDude_unique_2,sc/ui.sc,,ArtilleryDude,,,4,,ulti_burn,,400,,,common,TID_SPEC_ULTI_BURN,,,,genicon_health,,,,
Crow_unique_2,sc/ui.sc,,Crow,,,4,,prey_on_the_weak,,50,120,,common,TID_SPEC_ABI_PREY_ON_THE_WEAK,,,,genicon_health,,,,
DeadMariachi_unique_2,sc/ui.sc,,DeadMariachi,,,4,,damage_super,,800,,,common,TID_SPEC_DAMAGE_SUPER,,,,genicon_health,,,,
Whirlwind_unique_2,sc/ui.sc,,Whirlwind,,,4,,ulti_defense,,60,30,,common,TID_SPEC_ABI_WHIRLWIND_SHIELD,,,,genicon_health,,,,
Baseball_unique_2,sc/ui.sc,,Baseball,,,4,,shield_homerun,,30,,,common,TID_SPEC_ABI_SHIELD_HOMERUN,,,,genicon_health,,,,
Rosa_unique_2,sc/ui.sc,,Rosa,,,4,,damage_buff_super,,220,,,common,TID_SPEC_ABI_DAMAGE_BUFF_SUPER,,,,genicon_health,,,,
BowDude_unique_2,sc/ui.sc,,BowDude,,,4,,stun_trap,,40,,,common,TID_SPEC_ABI_STUN_TRAP,,,,genicon_health,,,,
Mechanic_unique_2,sc/ui.sc,,Mechanic,,,4,,turret_electricity,,1,,,common,TID_SPEC_ABI_TURRET_ELECTRICITY,,,,genicon_health,,,,
RocketGirl_unique_2,sc/ui.sc,,RocketGirl,,,4,,extra_bullet,,1,,,common,TID_SPEC_EXTRA_BULLET,,,,genicon_health,,,,
Cactus_unique_2,sc/ui.sc,,Cactus,,,4,,curve_ball,,75,150,,common,TID_SPEC_ABI_CURVEBALL,,,,genicon_health,,,,
Sniper_unique_2,sc/ui.sc,,Sniper,,,4,,reload_on_hit,,30,,,common,TID_SPEC_ABI_RELOAD_ON_HIT,,,,genicon_health,,,,
HammerDude_unique_2,sc/ui.sc,,HammerDude,,,4,,gain_health,,1100,,,common,TID_SPEC_ABI_GAIN_HEALTH,,,,genicon_health,,,,
Undertaker_unique_2,sc/ui.sc,,Undertaker,,,4,,longer_dash,,6,,3500,common,TID_SPEC_ABI_LONGER_DASH,,,,genicon_health,,,,
TntDude_unique_2,sc/ui.sc,,TntDude,,,4,,gain_damage_super,,1000,,,common,TID_SPEC_ABI_SUPER_DAMAGE,,,,genicon_health,,,,
TrickshotDude_unique_2,sc/ui.sc,,TrickshotDude,,,4,,speed_low_health,,250,40,,common,TID_SPEC_ABI_SPEED_LOW_HEALTH,,,,genicon_health,,,,
BarrelBot_unique_2,sc/ui.sc,,BarrelBot,,,4,,super_reload,,100,,,common,TID_SPEC_ABI_SUPER_RELOAD,,,,genicon_health,,,,
Barkeep_unique_2,sc/ui.sc,,Barkeep,,,4,,damage_main_attack,,140,,,common,TID_SPEC_ABI_DAMAGE_MAIN_ATTACK,,,,genicon_health,,,,
HookDude_unique_2,sc/ui.sc,,HookDude,,,4,,damage_ulti,,300,,,common,TID_SPEC_ABI_DAMAGE_ULTI,,,,genicon_health,,,,
BlackHole_unique_2,sc/ui.sc,,BlackHole,,,4,,black_hole_healer,,1,,,common,TID_SPEC_ABI_BLACK_HOLE_HEALER,,,,genicon_health,,,,
ClusterBombDude_unique_2,sc/ui.sc,,ClusterBombDude,,,4,,recharge,,220,,,common,TID_SPEC_ABI_RECHARGE,,,,genicon_health,,,,
ShotgunGirl_unique_3,sc/ui.sc,,ShotgunGirl,true,,4,,super_range,,7,40,,common,TID_SPEC_SUPER_RANGE,,,,genicon_health,,,,
BullDude_unique_3,sc/ui.sc,,BullDude,true,,4,,immune_to_cc,,1,,,common,TID_SPEC_ABI_IMMUNE_TO_CC,,,,genicon_health,,,,
DeadMariachi_unique_3,sc/ui.sc,,DeadMariachi,true,,4,,cure_debuffs,,1,,,common,TID_SPEC_ABI_CURE_DEBUFFS,,,,genicon_health,,,,
Baseball_unique_3,sc/ui.sc,,Baseball,true,,4,,freeze,,60,350,,common,TID_SPEC_ABI_SUPER_SLOW,,,,genicon_health,,,,
Whirlwind_unique_3,sc/ui.sc,,Whirlwind,true,,4,,super_destroy_walls,,600,,,common,TID_SPEC_ABI_SUPER_DESTROY_WALLS,,,,genicon_health,,,,
Undertaker_unique_3,sc/ui.sc,,Undertaker,true,,4,,barrel_defense,,15,30,,common,TID_SPEC_ABI_DASH_SHIELD,,,,genicon_health,,,,
Arcade_unique,sc/ui.sc,,Arcade,,,4,,larger_area_ulti,,1,,,common,TID_SPEC_ABI_LARGER_AREA_ULTI,,,,genicon_health,,,,
Luchador_unique_3,sc/ui.sc,,Luchador,true,,4,,grow_from_damage,,500,2880,,common,TID_SPEC_ABI_GROW_FROM_DAMAGE,,,,genicon_health,,,,
Gunslinger_unique_3,sc/ui.sc,,Gunslinger,true,,4,,armor,,2000,,,common,TID_SPEC_ABI_ARMOR,,,,genicon_health,,,,
Mechanic_unique_3,sc/ui.sc,,Mechanic,true,,4,,walking_turret,,600,,,common,TID_SPEC_ABI_WALKING_TURRET,,,,genicon_health,,,,
RocketGirl_unique_3,sc/ui.sc,,RocketGirl,true,,4,,shield_ulti,,30,,,common,TID_SPEC_SHIELD_ULTI,,,,genicon_health,,,,
TntDude_unique_3,sc/ui.sc,,TntDude,true,,4,,pet,,1,,,common,TID_SPEC_ABI_PET,,,,genicon_health,,,,
Sniper_unique_3,sc/ui.sc,,Sniper,true,,4,,spot_from_air,,15,,,common,TID_SPEC_SPOT_FROM_AIR,,,,genicon_health,,,,
Ninja_unique_3,sc/ui.sc,,Ninja,true,,4,,damage_ulti,,140,,,common,TID_SPEC_ABI_DAMAGE_ULTI,,,,genicon_health,,,,
Cactus_unique_3,sc/ui.sc,,Cactus,true,,4,,spikes_low_health,,40,672,20,common,TID_SPEC_ABI_SPIKES_LOW_HEALTH,,,,genicon_health,,,,
Arcade_unlock,sc/ui.sc,,Arcade,,,0,,unlock,,,,,common,,,,,,,110,,
Arcade_hp,sc/ui.sc,health_icon,Arcade,,,1,,hp,,,,,common,TID_ARMOR,TID_ARMOR_STAT,,,genicon_health,,,,
Arcade_abi,sc/ui.sc,attack_icon,Arcade,,,2,,skill,ArcadeWeapon,,,,common,TID_ARCADE_WEAPON,TID_STAT_DAMAGE_PER_BEAM,,,genicon_damage,,,,
Arcade_ulti,sc/ui.sc,ulti_icon,Arcade,,,3,,skill,ArcadeUlti,,,,common,TID_ARCADE_ULTI,TID_STAT_DAMAGE_BOOST,TID_DAMAGE_BOOSTER_HEALTH,,genicon_heal,genicon_health,,true,
Arcade_unique_2,sc/ui.sc,,Arcade,,,4,,plugged_in,,180,7,8,common,TID_SPEC_ABI_PLUGGED_IN,,,,genicon_health,,,,
Sandstorm_unlock,sc/ui.sc,,Sandstorm,,,0,,unlock,,,,,legendary,,,,,,,604,,
Sandstorm_hp,sc/ui.sc,health_icon,Sandstorm,,,1,,hp,,,,,common,TID_ARMOR,TID_ARMOR_STAT,,,genicon_health,,,,
Sandstorm_abi,sc/ui.sc,attack_icon,Sandstorm,,,2,,skill,SandstormWeapon,,,,common,TID_SANDSTORM_WEAPON,TID_STAT_DAMAGE,,,genicon_damage,,,,
Sandstorm_ulti,sc/ui.sc,ulti_icon,Sandstorm,,,3,,skill,SandstormUlti,,,,common,TID_SANDSTORM_ULTI,TID_STAT_SANDSTORM,,,genicon_damage,,,,
Sandstorm_unique,sc/ui.sc,,Sandstorm,,,4,,aoe_dot,,100,,,common,TID_SPEC_ABI_SANDSTORM_DOT,,,,genicon_health,,,,
Sandstorm_unique_2,sc/ui.sc,,Sandstorm,,,4,,aoe_dot,,-250,,,common,TID_SPEC_ABI_SANDSTORM_HOT,,,,genicon_health,,,,
BeeSniper_unlock,sc/ui.sc,,BeeSniper,,,0,,unlock,,,,,epic,,,,,,,405,,
BeeSniper_hp,sc/ui.sc,health_icon,BeeSniper,,,1,,hp,,,,,common,TID_ARMOR,TID_ARMOR_STAT,,,genicon_health,,,,
BeeSniper_abi,sc/ui.sc,attack_icon,BeeSniper,,,2,,skill,BeeSniperWeapon,,,,common,TID_BEE_SNIPER_WEAPON,TID_STAT_DAMAGE,,,genicon_damage,,,,
BeeSniper_ulti,sc/ui.sc,ulti_icon,BeeSniper,,,3,,skill,BeeSniperUlti,,,,common,TID_BEE_SNIPER_ULTI,TID_STAT_DAMAGE_PER_DRONE,,,genicon_damage,,,,
BeeSniper_unique,sc/ui.sc,,BeeSniper,,,4,,instant_charged_shot,,2,,,common,TID_SPEC_ABI_BEE_SNIPER_1,,,,genicon_damage,,,,
BeeSniper_unique_2,sc/ui.sc,,BeeSniper,,,4,,ignore_lethal_damage,,20,100,,common,TID_SPEC_ABI_BEE_SNIPER_2,,,,genicon_damage,,,,
Mummy_unlock,sc/ui.sc,,Mummy,,,0,,unlock,,,,,common,,,,,,,111,,
Mummy_hp,sc/ui.sc,health_icon,Mummy,,,1,,hp,,,,,common,TID_ARMOR,TID_ARMOR_STAT,,,genicon_health,,,,
Mummy_abi,sc/ui.sc,attack_icon,Mummy,,,2,,skill,MummyWeapon,,,,common,TID_MUMMY_WEAPON,TID_STAT_DAMAGE_PER_HALF_SECOND,,,genicon_damage,,,,
Mummy_ulti,sc/ui.sc,ulti_icon,Mummy,,,3,,skill,MummyUlti,,,,common,TID_MUMMY_ULTI,TID_STAT_DAMAGE_PER_SECOND,,,genicon_damage,,,,
Mummy_unique,sc/ui.sc,,Mummy,,,4,,increase_dmg_consecutive_dot,,20,,,common,TID_SPEC_ABI_TICK_DMG_GROW,,,,genicon_damage,,,,
Mummy_unique_2,sc/ui.sc,,Mummy,,,4,,ulti_heals_self,,320,,,common,TID_SPEC_ABI_HEAL_SUPER_DMG,,,,genicon_health,,,,
SpawnerDude_unlock,sc/ui.sc,,SpawnerDude,,,0,,unlock,,,,,mega_epic,,,,,,,505,,
SpawnerDude_hp,sc/ui.sc,health_icon,SpawnerDude,,,1,,hp,,,,,common,TID_ARMOR,TID_ARMOR_STAT,,,genicon_health,,,,
SpawnerDude_abi,sc/ui.sc,attack_icon,SpawnerDude,,,2,,skill,SpawnerDudeWeapon,,,,common,TID_SPAWNER_DUDE_WEAPON,TID_STAT_DAMAGE_EACH_WAY,,,genicon_damage,,,,
SpawnerDude_ulti,sc/ui.sc,ulti_icon,SpawnerDude,,,3,,skill,SpawnerDudeUlti,,,,common,TID_SPAWNER_DUDE_ULTI,TID_PORTER_HEALTH,TID_SPAWN_BUILDING_HEALTH,TID_PORTER_DAMAGE,genicon_damage,genicon_health,,,
SpawnerDude_unique,sc/ui.sc,icon_sp_spawner_1,SpawnerDude,,,4,,always_bounce_shot,,1,,,common,TID_SPEC_ABI_SPAWNER_DUDE_1,,,,genicon_damage,,,,
SpawnerDude_unique_2,sc/ui.sc,icon_sp_spawner_2,SpawnerDude,,,4,,spawn_speed,,3,,,common,TID_SPEC_ABI_SPAWNER_DUDE_2,,,,genicon_damage,,,,
Speedy_unlock,sc/ui.sc,,Speedy,,,0,,unlock,,,,,mega_epic,,,,,,,504,,
Speedy_hp,sc/ui.sc,health_icon,Speedy,,,1,,hp,,,,,common,TID_ARMOR,TID_ARMOR_STAT,,,genicon_health,,,,
Speedy_abi,sc/ui.sc,attack_icon,Speedy,,,2,,skill,SpeedyWeapon,,,,common,TID_SPEEDY_WEAPON,TID_STAT_DAMAGE_PER_SHOT,,,genicon_damage,,,,
Speedy_ulti,sc/ui.sc,ulti_icon,Speedy,,,3,,skill,SpeedyUlti,,,,common,TID_SPEEDY_ULTI,TID_SPEEDY_ULTI_STAT,,,genicon_damage,genicon_health,,true,true
Speedy_unique,sc/ui.sc,,Speedy,,,4,,running_charges_ulti,,7,1,,common,TID_SPEC_ABI_SPEEDY_1,,,,genicon_damage,,,,
Speedy_unique_2,sc/ui.sc,,Speedy,,,4,,running_charges_weapon,,30,1,,common,TID_SPEC_ABI_SPEEDY_2,,,,genicon_damage,,,,
Homer_unlock,sc/ui.sc,,Homer,,,0,,unlock,,,,,common,,,,,,,112,,
Homer_hp,sc/ui.sc,health_icon,Homer,,,1,,hp,,,,,common,TID_ARMOR,TID_ARMOR_STAT,,,genicon_health,,,,
Homer_abi,sc/ui.sc,attack_icon,Homer,,,2,,skill,HomerWeapon,,,,common,TID_HOMER_WEAPON,TID_STAT_DAMAGE_PER_SHOT,,,genicon_damage,,,,
Homer_ulti,sc/ui.sc,ulti_icon,Homer,,,3,,skill,HomerUlti,,,,common,TID_HOMER_ULTI,TID_HOMER_ULTI_STAT,,,genicon_damage,,,,
Homer_unique,sc/ui.sc,,Homer,,,4,,berserker,,30,,,common,TID_UNIQUE1_HOMER_ANGER,,,,genicon_damage,,,,
Homer_unique_2,sc/ui.sc,,Homer,,,4,,low_health_shield,,45,30,,common,TID_UNIQUE2_HOMER_SHIELD,,,,genicon_damage,,,,
Driller_unlock,sc/ui.sc,,Driller,,,0,,unlock,,,,,super_rare,,,,,,,305,,
Driller_hp,sc/ui.sc,health_icon,Driller,,,1,,hp,,,,,common,TID_ARMOR,TID_ARMOR_STAT,,,genicon_health,,,,
Driller_abi,sc/ui.sc,attack_icon,Driller,,,2,,skill,DrillerWeapon,,,,common,TID_DRILLER_WEAPON,TID_STAT_DAMAGE,,,genicon_damage,,,,
Driller_ulti,sc/ui.sc,ulti_icon,Driller,,,3,,skill,DrillerUlti,,,,common,TID_DRILLER_ULTI,TID_STAT_DAMAGE,,,genicon_damage,,,,
Driller_unique,sc/ui.sc,,Driller,,,4,,reflect_damage_aoe,,15,,,common,TID_SPEC_ABI_DRILLER_1,,,,genicon_damage,,,,
Driller_unique_2,sc/ui.sc,,Driller,,,4,,reduce_all_damage,,15,,,common,TID_SPEC_ABI_DRILLER_2,,,,genicon_damage,,,,
Blower_unlock,sc/ui.sc,,Blower,,1,0,,unlock,,,,,epic,,,,,,,701,,
Blower_hp,sc/ui.sc,health_icon,Blower,,,1,,hp,,,,,common,TID_ARMOR,TID_ARMOR_STAT,,,genicon_health,,,,
Blower_abi,sc/ui.sc,attack_icon,Blower,,,2,,skill,BlowerWeapon,,,,common,TID_BLOWER_WEAPON,TID_STAT_DAMAGE,,,genicon_damage,,,,
Blower_ulti,sc/ui.sc,ulti_icon,Blower,,,3,,skill,BlowerUlti,,,,common,TID_BLOWER_ULTI,TID_STAT_DAMAGE,,,genicon_damage,,,,
Blower_unique,sc/ui.sc,,Blower,,,4,,stun_wall_push,,20,,,common,TID_SPEC_ABI_BLOWER_1,,,,genicon_damage,,,,
Blower_unique_2,sc/ui.sc,,Blower,,,4,,basic_freeze,,6,350,,common,TID_SPEC_ABI_BLOWER_2,,,,genicon_damage,,,,
Controller_unlock,sc/ui.sc,,Controller,,,0,,unlock,,,,,epic,,,,,,,406,,
Controller_hp,sc/ui.sc,health_icon,Controller,,,1,,hp,,,,,common,TID_ARMOR,TID_ARMOR_STAT,,,genicon_health,,,,
Controller_abi,sc/ui.sc,attack_icon,Controller,,,2,,skill,ControllerWeapon,,,,common,TID_CONTROLLER_WEAPON,TID_STAT_DAMAGE,,,genicon_damage,,,,
Controller_ulti,sc/ui.sc,ulti_icon,Controller,,,3,,skill,ControllerUlti,,,,common,TID_CONTROLLER_ULTI,TID_STAT_DAMAGE,,,genicon_damage,,,,
Controller_unique,sc/ui.sc,,Controller,,,4,,increase_missile_dmg_over_distance,,2500,,,common,TID_SPEC_ABI_CONTROLLER_1,,,,genicon_damage,,,,
Controller_unique_2,sc/ui.sc,,Controller,,,4,,shield_while_ulti,,80,,,common,TID_SPEC_ABI_CONTROLLER_2,,,,genicon_damage,,,,
Wally_unlock,sc/ui.sc,,Wally,,,0,,unlock,,,,,mega_epic,,,,,,,506,,
Wally_hp,sc/ui.sc,health_icon,Wally,,,1,,hp,,,,,common,TID_ARMOR,TID_ARMOR_STAT,,,genicon_health,,,,
Wally_abi,sc/ui.sc,attack_icon,Wally,,,2,,skill,WallyWeapon,,,,common,TID_WALLY_WEAPON,TID_STAT_DAMAGE,,,genicon_damage,,,,
Wally_ulti,sc/ui.sc,ulti_icon,Wally,,,3,,skill,WallyUlti,,,,common,TID_WALLY_ULTI,TID_STAT_DAMAGE,,,genicon_damage,,,,
Wally_unique,sc/ui.sc,,Wally,,,4,,increased_explosion,,5000,,,common,TID_SPEC_ABI_WALLY_1,,,,genicon_damage,,,,
Wally_unique_2,sc/ui.sc,,Wally,,,4,,bush_shield,,30,60,,common,TID_SPEC_ABI_WALLY_2,,,,genicon_damage,,,,
Rosa_GrowBush,sc/ui.sc,icon_item_rosa_1,Rosa,,,5,,accessory,Rosa_GrowBush,0,,,common,TID_ACCESSORY_GROW_BUSH,,,,genicon_health,,,,
Crow_Shield,sc/ui.sc,icon_item_crow_1,Crow,,,5,,accessory,Crow_Shield,2,,,common,TID_ACCESSORY_CROW_SHIELD,,,,genicon_health,,,,
Wally_Heal,sc/ui.sc,icon_item_wally_1,Wally,,,5,,accessory,Wally_Heal,1,,,common,TID_ACCESSORY_WALLY_HEAL,,,,genicon_health,,,,
RocketGirl_Jump,sc/ui.sc,icon_item_brock_1,RocketGirl,,,5,,accessory,RocketGirl_Jump,3,,,common,TID_ACCESSORY_ROCKET_JUMP,,,,genicon_health,,,,
TrickshotDude_ShootAround,sc/ui.sc,icon_item_ricochet_1,TrickshotDude,,,5,,accessory,TrickshotDude_ShootAround,0,,,common,TID_ACCESSORY_RICO_SHOOT_AROUND,,,,genicon_health,,,,
Cactus_ShootAround,sc/ui.sc,icon_item_spike_1,Cactus,,,5,,accessory,Cactus_ShootAround,4,,,common,TID_ACCESSORY_CACTUS_SHOOT_AROUND,,,,genicon_health,,,,
ArtilleryDude_DestroyPet,sc/ui.sc,icon_item_penny_1,ArtilleryDude,,,5,,accessory,ArtilleryDude_DestroyPet,12,,,common,TID_ACCESSORY_ARTILLERY_DESTROY_PET,,,,genicon_health,,,,
Shaman_PetSlam,sc/ui.sc,icon_item_nita_1,Shaman,,,5,,accessory,Shaman_PetSlam,0,,,common,TID_ACCESSORY_PET_SLAM,,,,genicon_health,,,,
Barkeep_Slow,sc/ui.sc,icon_item_barley_1,Barkeep,,,5,,accessory,Barkeep_Slow,0,,,common,TID_ACCESSORY_BARKEEP_SLOW,,,,genicon_health,,,,
Mechanic_Slow,sc/ui.sc,icon_item_jessie_1,Mechanic,,,5,,accessory,Mechanic_Slow,0,,,common,TID_ACCESSORY_JESSIE_SLOW,,,,genicon_health,,,,
HookDude_Push,sc/ui.sc,icon_item_gene_1,HookDude,,,5,,accessory,HookDude_Push,5,,,common,TID_ACCESSORY_GENE_PUSH,,,,genicon_health,,,,
ClusterBombDude_Dash,sc/ui.sc,icon_item_tick_1,ClusterBombDude,,,5,,accessory,ClusterBombDude_Dash,0,,,common,TID_ACCESSORY_TICK_DASH,,,,genicon_health,,,,
Speedy_Dash,sc/ui.sc,icon_item_max_1,Speedy,,,5,,accessory,Speedy_Dash,0,,,common,TID_ACCESSORY_MAX_DASH,,,,genicon_health,,,,
ShotgunGirl_Dash,sc/ui.sc,icon_item_shelly_1,ShotgunGirl,,,5,,accessory,ShotgunGirl_Dash,0,,,common,TID_ACCESSORY_SHELLY_DASH,,,,genicon_health,,,,
Driller_SpeedBoost,sc/ui.sc,icon_item_driller_1,Driller,,,5,,accessory,Driller_SpeedBoost,6,,,common,TID_ACCESSORY_DRILLER_SPEED_BOOST,,,,genicon_health,,,,
MinigunDude_BurstHeal,sc/ui.sc,icon_item_pam_1,MinigunDude,,,5,,accessory,MinigunDude_BurstHeal,12,,,common,TID_ACCESSORY_TOWER_BURST_HEAL,,,,genicon_health,,,,
TntDude_Spin,sc/ui.sc,icon_item_dynamike_1,TntDude,,,5,,accessory,TntDude_Spin,7,,,common,TID_ACCESSORY_TNT_SPIN,,,,genicon_health,,,,
Arcade_Teleport,sc/ui.sc,icon_item_8bit_1,Arcade,,,5,,accessory,Arcade_Teleport,0,,,common,TID_ACCESSORY_TELEPORT_TO_PET,,,,genicon_health,,,,
BarrelBot_Spin,sc/ui.sc,icon_item_darryl_1,BarrelBot,,,5,,accessory,BarrelBot_Spin,14,,,common,TID_ACCESSORY_BARREL_SPIN,,,,genicon_health,,,,
HammerDude_Immunity,sc/ui.sc,icon_item_frank_1,HammerDude,,,5,,accessory,HammerDude_Immunity,0,,,common,TID_ACCESSORY_FRANK_CC_IMMUNITY,,,,genicon_health,,,,
Whirlwind_Trail,sc/ui.sc,icon_item_carl_1,Whirlwind,,,5,,accessory,Whirlwind_Trail,8,,,common,TID_ACCESSORY_CARL_TRAIL,,,,genicon_health,,,,
BowDude_Totem,sc/ui.sc,icon_item_bo_1,BowDude,,,5,,accessory,BowDude_Totem,0,,,common,TID_ACCESSORY_BOW_TOTEM,,,,genicon_health,,,,
Luchador_Grab,sc/ui.sc,icon_item_elprimo_1,Luchador,,,5,,accessory,Luchador_Grab,0,,,common,TID_ACCESSORY_PRIMO_GRAB,,,,genicon_health,,,,
Undertaker_Swing,sc/ui.sc,icon_item_mortis_1,Undertaker,,,5,,accessory,Undertaker_Swing,3,,,common,TID_ACCESSORY_MORTIS_SWING,,,,genicon_health,,,,
BlackHole_Vision,sc/ui.sc,icon_item_tara_1,BlackHole,,,5,,accessory,BlackHole_Vision,9,,,common,TID_ACCESSORY_TARA_VISION,,,,genicon_health,,,,
DeadMariachi_Regen,sc/ui.sc,icon_item_poco_1,DeadMariachi,,,5,,accessory,DeadMariachi_Regen,3,,,common,TID_ACCESSORY_POCO_REGEN,,,,genicon_health,,,,
Sniper_HandGun,sc/ui.sc,icon_item_piper_1,Sniper,,,5,,accessory,Sniper_HandGun,10,,,common,TID_ACCESSORY_SNIPER_HANDGUN,,,,genicon_health,,,,
SpawnerDude_Promote,sc/ui.sc,icon_item_spawner_1,SpawnerDude,,,5,,accessory,SpawnerDude_Promote,1,,,common,TID_ACCESSORY_SPAWNER_DUDE_PROMOTE,,,,genicon_health,,,,
Sandstorm_Sleep,sc/ui.sc,icon_item_sandy_1,Sandstorm,,,5,,accessory,Sandstorm_Sleep,13,,,common,TID_ACCESSORY_SANDY_SLEEP,,,,genicon_health,,,,
BeeSniper_Slow,sc/ui.sc,icon_item_bea_1,BeeSniper,,,5,,accessory,BeeSniper_Slow,0,,,common,TID_ACCESSORY_BEE_SNIPER_SLOW,,,,genicon_health,,,,
BullDude_Heal,sc/ui.sc,icon_item_bull_1,BullDude,,,5,,accessory,BullDude_Heal,5,,,common,TID_ACCESSORY_BULL_HEAL,,,,genicon_health,,,,
Gunslinger_Reload,sc/ui.sc,icon_item_colt_1,Gunslinger,,,5,,accessory,Gunslinger_Reload,11,,,common,TID_ACCESSORY_GUNSLINGER_RELOAD,,,,genicon_health,,,,
Mummy_Push,sc/ui.sc,icon_item_emz_1,Mummy,,,5,,accessory,Mummy_Push,3,,,common,TID_ACCESSORY_MUMMY_PUSH,,,,genicon_health,,,,
Baseball_Heal,sc/ui.sc,icon_item_bibi_1,Baseball,,,5,,accessory,Baseball_Heal,5,,,common,TID_ACCESSORY_BASEBALL_HEAL,,,,genicon_health,,,,
Ninja_Fake,sc/ui.sc,icon_item_leon_1,Ninja,,,5,,accessory,Ninja_Fake,0,,,common,TID_ACCESSORY_NINJA_FAKE,,,,genicon_health,,,,
Blower_Trampoline,sc/ui.sc,icon_item_gale_1,Blower,,,5,,accessory,Blower_Trampoline,0,,,common,TID_ACCESSORY_BLOWER_TRAMPOLINE,,,,genicon_health,,,,
Controller_Explode,sc/ui.sc,icon_item_nani_1,Controller,,,5,,accessory,Controller_Explode,0,,,common,TID_ACCESSORY_CONTROLLER_EXPLODE,,,,genicon_health,,,,
PowerLeveler_unlock,sc/ui.sc,,PowerLeveler,,2,0,,unlock,,,,,epic,,,,,,,702,,
PowerLeveler_hp,sc/ui.sc,health_icon,PowerLeveler,,,1,,hp,,,,,common,TID_ARMOR,TID_ARMOR_STAT,,,genicon_health,,,,
PowerLeveler_abi,sc/ui.sc,attack_icon,PowerLeveler,,,2,,skill,PowerLevelerWeapon,,,,common,TID_POWER_LEVELER_WEAPON,TID_STAT_DAMAGE,,,genicon_damage,,,,
PowerLeveler_ulti,sc/ui.sc,ulti_icon,PowerLeveler,,,3,,skill,PowerLevelerUlti,,,,common,TID_POWER_LEVELER_ULTI,TID_STAT_DAMAGE,,,genicon_damage,,,,
PowerLeveler_unique,sc/ui.sc,,PowerLeveler,,,4,,split_also_wall_hit,,1,,,common,TID_SPEC_ABI_POWER_LEVELER_1,,,,genicon_damage,,,,
PowerLeveler_unique_2,sc/ui.sc,,PowerLeveler,,,4,,decrease_level_loss,,1,,,common,TID_SPEC_ABI_POWER_LEVELER_2,,,,genicon_damage,,,,
PowerLeveler_Blink,sc/ui.sc,icon_item_8bit_1,PowerLeveler,,,5,,accessory,PowerLeveler_Blink,0,,,common,TID_ACCESSORY_POWER_LEVELER_BLINK,,,,genicon_health,,,,
Crow_PoisonTrigger,sc/ui.sc,icon_item_crow_2,Crow,,,5,,accessory,Crow_PoisonTrigger,15,,,common,TID_ACCESSORY_CROW_POISON_TRIGGER,,,,genicon_health,,,,
ArtilleryDude_Barrage,sc/ui.sc,icon_item_penny_2,ArtilleryDude,,,5,,accessory,ArtilleryDude_Barrage,0,,,common,TID_ACCESSORY_ARTILLERY_BARRAGE,,,,genicon_health,,,,
ShotgunGirl_Focus,sc/ui.sc,icon_item_shelly_2,ShotgunGirl,,,5,,accessory,ShotgunGirl_Focus,0,,,common,TID_ACCESSORY_SHELLY_FOCUS,,,,genicon_health,,,,
BowDude_MineTrigger,sc/ui.sc,icon_item_bo_2,BowDude,,,5,,accessory,BowDude_MineTrigger,0,,,common,TID_ACCESSORY_BO_MINE_TRIGGER,,,,genicon_health,,,,
Undertaker_Reload,sc/ui.sc,icon_item_mortis_2,Undertaker,,,5,,accessory,Undertaker_Reload,9,,,common,TID_ACCESSORY_UNDERTAKER_RELOAD,,,,genicon_health,,,,
Sniper_Seeker,sc/ui.sc,icon_item_piper_2,Sniper,,,5,,accessory,Sniper_Seeker,0,,,common,TID_ACCESSORY_SNIPER_SEEKER,,,,genicon_health,,,,
Luchador_Meteor,sc/ui.sc,icon_item_elprimo_2,Luchador,,,5,,accessory,Luchador_Meteor,1,,,common,TID_ACCESSORY_LUCHADOR_METEOR,,,,genicon_health,,,,
Barkeep_HealPotion,sc/ui.sc,icon_item_barley_2,Barkeep,,,5,,accessory,Barkeep_HealPotion,16,,,common,TID_ACCESSORY_BARKEEP_HEAL_POTION,,,,genicon_health,,,,
TntDude_Stun,sc/ui.sc,icon_item_dynamike_2,TntDude,,,5,,accessory,TntDude_Stun,17,,,common,TID_ACCESSORY_TNT_STUN,,,,genicon_health,,,,
Mechanic_TurretBuff,sc/ui.sc,icon_item_jessie_2,Mechanic,,,5,,accessory,Mechanic_TurretBuff,9,,,common,TID_ACCESSORY_MECHANIC_TURRET_BUFF,,,,genicon_health,,,,
Percenter_unlock,sc/ui.sc,,Percenter,,3,0,,unlock,,,,,epic,,,,,,,703,,
Percenter_hp,sc/ui.sc,health_icon,Percenter,,,1,,hp,,,,,common,TID_ARMOR,TID_ARMOR_STAT,,,genicon_health,,,,
Percenter_abi,sc/ui.sc,attack_icon,Percenter,,,2,,skill,PercenterWeapon,,,,common,TID_PERCENTER_WEAPON,TID_STAT_DAMAGE,,,genicon_damage,,,,
Percenter_ulti,sc/ui.sc,ulti_icon,Percenter,,,3,,skill,PercenterUlti,,,,common,TID_PERCENTER_ULTI,TID_STAT_DAMAGE,,,genicon_damage,,,,
Percenter_unique,sc/ui.sc,,Percenter,,,4,,push_charge,,300,,,common,TID_SPEC_ABI_PERCENTER_1,,,,genicon_damage,,,,
Percenter_unique_2,sc/ui.sc,,Percenter,,,4,,shield_charge,,10,100,,common,TID_SPEC_ABI_PERCENTER_2,,,,genicon_damage,,,,
Percenter_StaticDamage,sc/ui.sc,icon_item_colette_1,Percenter,,,5,,accessory,Percenter_StaticDamage,1,,,common,TID_ACCESSORY_PERCENTER_STATIC_DAMAGE,,,,genicon_health,,,,
FireDude_unlock,sc/ui.sc,,FireDude,,,0,,unlock,,,,,common,,,,,,,0,,
FireDude_hp,sc/ui.sc,health_icon,FireDude,,,1,,hp,,,,,common,TID_ARMOR,TID_ARMOR_STAT,,,genicon_health,,,,
FireDude_abi,sc/ui.sc,attack_icon,FireDude,,,2,,skill,FireDudeWeapon,,,,common,TID_FIRE_DUDE_WEAPON,TID_STAT_DAMAGE,,,genicon_damage,,,,
FireDude_ulti,sc/ui.sc,ulti_icon,FireDude,,,3,,skill,FireDudeUlti,,,,common,TID_FIRE_DUDE_ULTI,TID_STAT_DAMAGE,,,genicon_damage,,,,
FireDude_unique,sc/ui.sc,,FireDude,,,4,,increase_dmg_consecutive_dot,,1,,,common,TID_SPEC_ABI_FIRE_DUDE_1,,,,genicon_damage,,,,
FireDude_unique_2,sc/ui.sc,,FireDude,,,4,,increase_dmg_consecutive_dot,,1,,,common,TID_SPEC_ABI_FIRE_DUDE_2,,,,genicon_damage,,,,
FireDude_Gadget,sc/ui.sc,icon_item_8bit_1,FireDude,,,5,,accessory,FireDude_Gadget,0,,,common,TID_ACCESSORY_PERCENTER_STATIC_DAMAGE,,,,genicon_health,,,,
ClusterBombDude_Explosion,sc/ui.sc,icon_item_penny_1,ClusterBombDude,,,5,,accessory,ClusterBombDude_Explosion,1,,,common,TID_TICK_LAST_HURAH,,,,genicon_health,,,,
Homer_Spin,sc/ui.sc,icon_item_darryl_1,Homer,,,5,,accessory,Homer_Spin,14,,,common,TID_ACCESSORY_HOMERSPIN,,,,genicon_health,,,,
Vibernito_unlock,sc/ui.sc,,Vibernito,,,0,,unlock,,,,,mega_epic,,,,,,,506,,
Vibernito_hp,sc/ui.sc,health_icon,Vibernito,,,1,,hp,,,,,common,TID_ARMOR,TID_ARMOR_STAT,,,genicon_health,,,,
Vibernito_abi,sc/ui.sc,attack_icon,Vibernito,,,2,,skill,VibeWeapon,,,,common,TID_VIBERNITO_WEAPON,TID_STAT_DAMAGE,,,genicon_damage,,,,
Vibernito_ulti,sc/ui.sc,ulti_icon,Vibernito,,,3,,skill,VibeUlti,,,,common,TID_VIBERNITO_ULTI,TID_STAT_DAMAGE,,,genicon_damage,,,,
Vibernito_unique,sc/ui.sc,,Vibernito,,,4,,low_health_shield,,50,35,,common,TID_UNIQUE1_VIBERNITO_SHIELD,,,,genicon_damage,,,,
Vibernito_unique_2,sc/ui.sc,,Vibernito,true,,4,,increased_explosion,,5000,,,common,TID_UNIQUE2_VIBERNITO_ATKCHARGED,,,,genicon_damage,,,,
Vibernito_Promote,sc/ui.sc,icon_item_spawner_1,Vibernito,,,5,,accessory,Vibernito_Promote,1,,,common,TID_ACCESSORY_VIBERNITOPROMOTE,,,,genicon_health,,,,
Vibernito_Damage,sc/ui.sc,icon_item_emz_1,Vibernito,,,5,,accessory,Vibernito_Damage,3,,,common,TID_ACCESSORY2_VIBERNITO_DMG,,,,genicon_health,,,,
Electro_unlock,sc/ui.sc,,Electro,,,0,,unlock,,,,,epic,,,,,,,507,,
Electro_hp,sc/ui.sc,health_icon,Electro,,,1,,hp,,,,,common,TID_ARMOR,TID_ARMOR_STAT,,,genicon_health,,,,
Electro_abi,sc/ui.sc,attack_icon,Electro,,,2,,skill,ElectroWeapon,,,,common,TID_ELECTRO_WEAPON,TID_STAT_DAMAGE_PER_EBALL,,,genicon_damage,,,,
Electro_ulti,sc/ui.sc,ulti_icon,Electro,,,3,,skill,ElectroUlti,,,,common,TID_ELECTRO_ULTI,TID_STAT_DAMAGE_PER_EBALL2,,,genicon_damage,,,,
Electro_unique,sc/ui.sc,,Electro,,,4,,medikit,,40,2000,20000,common,TID_ELECTRO_SP1_MEDKIT,,,,genicon_health,,,,
Electro_unique_2,sc/ui.sc,,Electro,,,4,,repair_self,,60,,,common,TID_ELECTRO_SP2_SELFREPAIR,,,,genicon_damage,,,,
ElectroHook,sc/ui.sc,icon_item_gene_1,Electro,,,5,,accessory,ElectroHook,0,,,common,TID_ACCESSORY_ELECTRO_HOOK,,,,genicon_health,,,,
Steve_unlock,sc/ui.sc,,Steve,,,0,,unlock,,,,,rare,,,,,,,206,,
Steve_hp,sc/ui.sc,health_icon,Steve,,,1,,hp,,,,,common,TID_ARMOR,TID_ARMOR_STAT,,,genicon_health,,,,
Steve_abi,sc/ui.sc,attack_icon,Steve,,,2,,skill,MinerDudeWeapon,,,,common,TID_STEVE_WEAPON,TID_STAT_DAMAGE_PER_SHELL,,,genicon_damage,,,,
Steve_ulti,sc/ui.sc,ulti_icon,Steve,,,3,,skill,MinerDudeUlti,,,,common,TID_STEVE_ULTI,TID_STAT_DAMAGE_PER_SHELL,,,genicon_damage,,,,
Steve_unique,sc/ui.sc,,Steve,,,4,,immune_to_cc,,1,,,common,TID_STEVE_SP1_CC,,,,genicon_health,,,,
Steve_unique_2,sc/ui.sc,,Steve,,,4,,gain_health,,1000,,,common,TID_STEVE_SP2_GAIN_HEALTH,,,,genicon_health,,,,
Steve_Dog_Spawn,sc/ui.sc,icon_item_bo_1,Steve,,,5,,accessory,Steve_Dog_Spawn,0,,,common,TID_STEVE_ACCESSORY_DOGS,,,,genicon_health,,,,
Steve_Sword,sc/ui.sc,icon_item_mortis_1,Steve,,,5,,accessory,Steve_Sword,3,,,common,TID_STEVE_ACCESSORY2_SWORD,,,,genicon_health,,,,
RhinoRoller_unlock,sc/ui.sc,,RhinoRoller,,,0,,unlock,,,,,mega_epic,,,,,,,508,,
RhinoRoller_hp,sc/ui.sc,health_icon,RhinoRoller,,,1,,hp,,,,,common,TID_ARMOR,TID_ARMOR_STAT,,,genicon_health,,,,
RhinoRoller_abi,sc/ui.sc,attack_icon,RhinoRoller,,,2,,skill,RhinoWeapon,,,,common,TID_RHINO_WEAPON,TID_STAT_DAMAGE,,,genicon_damage,,,,
RhinoRoller_ulti,sc/ui.sc,ulti_icon,RhinoRoller,,,3,,skill,RhinoUlti,,,,common,TID_RHINO_ULTI,TID_STAT_DAMAGE,,,genicon_damage,,,,
RhinoRoller_unique,sc/ui.sc,,RhinoRoller,,,4,,barrel_defense,,18,20,,common,TID_RHINO_SP1_DEFENSE,,,,genicon_health,,,,
RhinoRoller_unique_2,sc/ui.sc,,RhinoRoller,,,4,,spikes_low_health,,40,672,20,common,TID_RHINO_SP2_SPIKES,,,,,,,,
RhinoRoller_Fire,sc/ui.sc,icon_item_carl_1,RhinoRoller,,,5,,accessory,RhinoRoller_Fire,14,,,common,TID_RHINO_ACCESSORY1_FIRE,,,,genicon_health,,,,
Stu_unlock,sc/ui.sc,,Stu,,,0,,unlock,,,,,mega_epic,,,,,,,580,,
Stu_hp,sc/ui.sc,health_icon,Stu,,,1,,hp,,,,,common,TID_ARMOR,TID_ARMOR_STAT,,,genicon_health,,,,
Stu_abi,sc/ui.sc,attack_icon,Stu,,,2,,skill,RhinoWeapon,,,,common,TID_RHINO_WEAPON,TID_STAT_DAMAGE,,,genicon_damage,,,,
Stu_ulti,sc/ui.sc,ulti_icon,Stu,,,3,,skill,RhinoUlti,,,,common,TID_RHINO_ULTI,TID_STAT_DAMAGE,,,genicon_damage,,,,
Stu_unique,sc/ui.sc,,Stu,,,4,,spikes_low_health,,40,672,20,common,TID_RHINO_SP2_SPIKES,,,,,,,,
,,,,,,,,,,,,,,,,,,,,,,
,,,,,,,,,,,,,,,,,,,,,,
,,,,,,,,,,,,,,,,,,,,,,
,,,,,,,,,,,,,,,,,,,,,,
,,,,,,,,,,,,,,,,,,,,,,
,,,,,,,,,,,,,,,,,,,,,,
,,,,,,,,,,,,,,,,,,,,,,
,,,,,,,,,,,,,,,,,,,,,,
,,,,,,,,,,,,,,,,,,,,,,
,,,,,,,,,,,,,,,,,,,,,,
,,,,,,,,,,,,,,,,,,,,,,
,,,,,,,,,,,,,,,,,,,,,,
,,,,,,,,,,,,,,,,,,,,,,